{
  "Matt": 33.33333333333333,
  "Bob": 10.714285714285714
}